AD,Andorra,Andorre
AE,"United Arab Emirates","�mirats arabes unis"
AF,Afghanistan,Afghanistan
AG,"Antigua and Barbuda",Antigua-et-Barbuda
AI,Anguilla,Anguilla
AL,Albania,Albanie
AM,Armenia,Arm�nie
AO,Angola,Angola
AQ,Antarctica,Antarctique
AR,Argentina,Argentine
AS,"American Samoa","Samoa am�ricaine"
AT,Austria,Autriche
AU,Australia,Australie
AW,Aruba,Aruba
AX,"�land Islands","�les d'�land"
AZ,Azerbaijan,Azerba�djan
BA,"Bosnia and Herzegovina",Bosnie-Herz�govine
BB,Barbados,Barbade
BD,Bangladesh,Bangladesh
BE,Belgium,Belgique
BF,"Burkina Faso","Burkina Faso"
BG,Bulgaria,Bulgarie
BH,Bahrain,Bahre�n
BI,Burundi,Burundi
BJ,Benin,B�nin
BL,"Saint Barth�lemy",Saint-Barth�lemy
BM,Bermuda,Bermudes
BN,"Brunei Darussalam","Brunei Darussalam"
BO,Bolivia,Bolivie
BQ,"Caribbean Netherlands ","Pays-Bas carib�ens"
BR,Brazil,Br�sil
BS,Bahamas,Bahamas
BT,Bhutan,Bhoutan
BV,"Bouvet Island","�le Bouvet"
BW,Botswana,Botswana
BY,Belarus,B�larus
BZ,Belize,Belize
CA,Canada,Canada
CC,"Cocos (Keeling) Islands","�les Cocos (Keeling)"
CD,"Congo, Democratic Republic of","Congo, R�publique d�mocratique du"
CF,"Central African Republic","R�publique centrafricaine"
CG,Congo,Congo
CH,Switzerland,Suisse
CI,"C�te d'Ivoire","C�te d'Ivoire"
CK,"Cook Islands","�les Cook"
CL,Chile,Chili
CM,Cameroon,Cameroun
CN,China,Chine
CO,Colombia,Colombie
CR,"Costa Rica","Costa Rica"
CU,Cuba,Cuba
CV,"Cape Verde",Cap-Vert
CW,Cura�ao,Cura�ao
CX,"Christmas Island","�le Christmas"
CY,Cyprus,Chypre
CZ,"Czech Republic","R�publique tch�que"
DE,Germany,Allemagne
DJ,Djibouti,Djibouti
DK,Denmark,Danemark
DM,Dominica,Dominique
DO,"Dominican Republic","R�publique dominicaine"
DZ,Algeria,Alg�rie
EC,Ecuador,�quateur
EE,Estonia,Estonie
EG,Egypt,�gypte
EH,"Western Sahara","Sahara Occidental"
ER,Eritrea,�rythr�e
ES,Spain,Espagne
ET,Ethiopia,�thiopie
FI,Finland,Finlande
FJ,Fiji,Fidji
FK,"Falkland Islands","�les Malouines"
FM,"Micronesia, Federated States of","Micron�sie, �tats f�d�r�s de"
FO,"Faroe Islands","�les F�ro�"
FR,France,France
GA,Gabon,Gabon
GB,"United Kingdom",Royaume-Uni
GD,Grenada,Grenade
GE,Georgia,G�orgie
GF,"French Guiana","Guyane fran�aise"
GG,Guernsey,Guernesey
GH,Ghana,Ghana
GI,Gibraltar,Gibraltar
GL,Greenland,Groenland
GM,Gambia,Gambie
GN,Guinea,Guin�e
GP,Guadeloupe,Guadeloupe
GQ,"Equatorial Guinea","Guin�e �quatoriale"
GR,Greece,Gr�ce
GS,"South Georgia and the South Sandwich Islands","G�orgie du Sud et les �les Sandwich du Sud"
GT,Guatemala,Guatemala
GU,Guam,Guam
GW,Guinea-Bissau,Guin�e-Bissau
GY,Guyana,Guyana
HK,"Hong Kong","Hong Kong"
HM,"Heard and McDonald Islands","�les Heard et McDonald"
HN,Honduras,Honduras
HR,Croatia,Croatie
HT,Haiti,Ha�ti
HU,Hungary,Hongrie
ID,Indonesia,Indon�sie
IE,Ireland,Irlande
IL,Israel,Isra�l
IM,"Isle of Man","�le de Man"
IN,India,Inde
IO,"British Indian Ocean Territory","Territoire britannique de l'oc�an Indien"
IQ,Iraq,Irak
IR,Iran,Iran
IS,Iceland,Islande
IT,Italy,Italie
JE,Jersey,Jersey
JM,Jamaica,Jama�que
JO,Jordan,Jordanie
JP,Japan,Japon
KE,Kenya,Kenya
KG,Kyrgyzstan,Kirghizistan
KH,Cambodia,Cambodge
KI,Kiribati,Kiribati
KM,Comoros,Comores
KN,"Saint Kitts and Nevis",Saint-Kitts-et-Nevis
KP,"North Korea","Cor�e du Nord"
KR,"South Korea","Cor�e du Sud"
KW,Kuwait,Kowe�t
KY,"Cayman Islands","�les Ca�mans"
KZ,Kazakhstan,Kazakhstan
LA,"Lao People's Democratic Republic",Laos
LB,Lebanon,Liban
LC,"Saint Lucia",Sainte-Lucie
LI,Liechtenstein,Liechtenstein
LK,"Sri Lanka","Sri Lanka"
LR,Liberia,Lib�ria
LS,Lesotho,Lesotho
LT,Lithuania,Lituanie
LU,Luxembourg,Luxembourg
LV,Latvia,Lettonie
LY,Libya,Libye
MA,Morocco,Maroc
MC,Monaco,Monaco
MD,Moldova,Moldavie
ME,Montenegro,Mont�n�gro
MF,"Saint-Martin (France)","Saint-Martin (France)"
MG,Madagascar,Madagascar
MH,"Marshall Islands","�les Marshall"
MK,Macedonia,Mac�doine
ML,Mali,Mali
MM,Myanmar,Myanmar
MN,Mongolia,Mongolie
MO,Macau,Macao
MP,"Northern Mariana Islands","Mariannes du Nord"
MQ,Martinique,Martinique
MR,Mauritania,Mauritanie
MS,Montserrat,Montserrat
MT,Malta,Malte
MU,Mauritius,Maurice
MV,Maldives,Maldives
MW,Malawi,Malawi
MX,Mexico,Mexique
MY,Malaysia,Malaisie
MZ,Mozambique,Mozambique
NA,Namibia,Namibie
NC,"New Caledonia",Nouvelle-Cal�donie
NE,Niger,Niger
NF,"Norfolk Island","�le Norfolk"
NG,Nigeria,Nigeria
NI,Nicaragua,Nicaragua
NL,"The Netherlands",Pays-Bas
NO,Norway,Norv�ge
NP,Nepal,N�pal
NR,Nauru,Nauru
NU,Niue,Niue
NZ,"New Zealand",Nouvelle-Z�lande
OM,Oman,Oman
PA,Panama,Panama
PE,Peru,P�rou
PF,"French Polynesia","Polyn�sie fran�aise"
PG,"Papua New Guinea",Papouasie-Nouvelle-Guin�e
PH,Philippines,Philippines
PK,Pakistan,Pakistan
PL,Poland,Pologne
PM,"St. Pierre and Miquelon",Saint-Pierre-et-Miquelon
PN,Pitcairn,Pitcairn
PR,"Puerto Rico","Puerto Rico"
PS,"Palestinian Territory, Occupied","Territoires palestiniens"
PT,Portugal,Portugal
PW,Palau,Palau
PY,Paraguay,Paraguay
QA,Qatar,Qatar
RE,Reunion,R�union
RO,Romania,Roumanie
RS,Serbia,Serbie
RU,"Russian Federation",Russie
RW,Rwanda,Rwanda
SA,"Saudi Arabia","Arabie saoudite"
SB,"Solomon Islands","�les Salomon"
SC,Seychelles,Seychelles
SD,Sudan,Soudan
SE,Sweden,Su�de
SG,Singapore,Singapour
SH,"Saint Helena",Sainte-H�l�ne
SI,Slovenia,Slov�nie
SJ,"Svalbard and Jan Mayen Islands","Svalbard et �le de Jan Mayen"
SK,"Slovakia (Slovak Republic)","Slovaquie (R�publique slovaque)"
SL,"Sierra Leone","Sierra Leone"
SM,"San Marino",Saint-Marin
SN,Senegal,S�n�gal
SO,Somalia,Somalie
SR,Suriname,Suriname
SS,"South Sudan","Soudan du Sud"
ST,"Sao Tome and Principe","Sao Tom�-et-Principe"
SV,"El Salvador","El Salvador"
SX,"Saint-Martin (Pays-Bas)","Sint Maarten "
SY,Syria,Syrie
SZ,Swaziland,Swaziland
TC,"Turks and Caicos Islands","�les Turks et Caicos"
TD,Chad,Tchad
TF,"French Southern Territories","Terres australes fran�aises"
TG,Togo,Togo
TH,Thailand,Tha�lande
TJ,Tajikistan,Tadjikistan
TK,Tokelau,Tokelau
TL,Timor-Leste,Timor-Leste
TM,Turkmenistan,Turkm�nistan
TN,Tunisia,Tunisie
TO,Tonga,Tonga
TR,Turkey,Turquie
TT,"Trinidad and Tobago",Trinit�-et-Tobago
TV,Tuvalu,Tuvalu
TW,Taiwan,Ta�wan
TZ,Tanzania,Tanzanie
UA,Ukraine,Ukraine
UG,Uganda,Ouganda
UM,"United States Minor Outlying Islands","�les mineures �loign�es des �tats-Unis"
US,"United States",�tats-Unis
UY,Uruguay,Uruguay
UZ,Uzbekistan,Ouzb�kistan
VA,Vatican,Vatican
VC,"Saint Vincent and the Grenadines",Saint-Vincent-et-les-Grenadines
VE,Venezuela,Venezuela
VG,"Virgin Islands (British)","�les Vierges britanniques"
VI,"Virgin Islands (U.S.)","�les Vierges am�ricaines"
VN,Vietnam,Vietnam
VU,Vanuatu,Vanuatu
WF,"Wallis and Futuna Islands","�les Wallis-et-Futuna"
WS,Samoa,Samoa
XK,Kosovo,Kosovo
YE,Yemen,Y�men
YT,Mayotte,Mayotte
ZA,"South Africa","Afrique du Sud"
ZM,Zambia,Zambie
ZW,Zimbabwe,Zimbabwe